[
    {
        "model": "base.product",
        "pk": 1,
        "fields": {
            "user": 1,
            "name": "Airpods Wireless Bluetooth Headphones",
            "image": "images/product/1/airpods_hErmiNA.jpg",
            "brand": null,
            "category": null,
            "description": "Bluetooth technology lets you connect it with compatible devices wirelessly High-quality AAC audio offers immersive listening experience Built-in microphone allows you to take calls while working",
            "rating": "0.00",
            "price": "89.99",
            "numReviews": 0,
            "countInStock": 3,
            "createdAt": "2023-08-16T13:13:12.251Z"
        }
    },
    {
        "model": "base.product",
        "pk": 2,
        "fields": {
            "user": 1,
            "name": "Cannon EOS 80D DSLR Camera",
            "image": "images/product/None/camera.jpg",
            "brand": "Cannon",
            "category": "Electronics",
            "description": "Characterized by versatile imaging specs, the Canon EOS 80D further clarifies itself using a pair of robust focusing systems and an intuitive design",
            "rating": "0.00",
            "price": "929.99",
            "numReviews": 0,
            "countInStock": 5,
            "createdAt": "2023-08-16T15:26:48.759Z"
        }
    },
    {
        "model": "base.product",
        "pk": 3,
        "fields": {
            "user": 1,
            "name": "iPhone 11 Pro 256GB Memory",
            "image": "images/product/None/phone.jpg",
            "brand": null,
            "category": null,
            "description": "Introducing the iPhone 11 Pro. A transformative triple-camera system that adds tons of capability without complexity. An unprecedented leap in battery life",
            "rating": "0.00",
            "price": "598.91",
            "numReviews": 0,
            "countInStock": 0,
            "createdAt": "2023-08-17T13:33:01.958Z"
        }
    },
    {
        "model": "base.product",
        "pk": 4,
        "fields": {
            "user": 1,
            "name": "Sony Playstation 4 Pro White Version",
            "image": "images/product/None/playstation.jpg",
            "brand": null,
            "category": null,
            "description": "",
            "rating": "2.00",
            "price": "399.00",
            "numReviews": 1,
            "countInStock": 4,
            "createdAt": "2023-08-17T13:36:41.085Z"
        }
    },
    {
        "model": "base.product",
        "pk": 5,
        "fields": {
            "user": 1,
            "name": "Logitech G-Series Gaming Mouse",
            "image": "images/product/None/mouse.jpg",
            "brand": null,
            "category": null,
            "description": "",
            "rating": "2.00",
            "price": "40.00",
            "numReviews": 1,
            "countInStock": 0,
            "createdAt": "2023-08-17T13:37:52.750Z"
        }
    },
    {
        "model": "base.review",
        "pk": 6,
        "fields": {
            "product": 5,
            "user": 12,
            "name": "mohan",
            "rating": 2,
            "comment": "xcvbxb"
        }
    },
    {
        "model": "base.review",
        "pk": 7,
        "fields": {
            "product": 4,
            "user": 12,
            "name": "mohan",
            "rating": 2,
            "comment": "cdsf"
        }
    },
    {
        "model": "base.order",
        "pk": 50,
        "fields": {
            "user": 12,
            "paymentMethod": "PayPal",
            "taxPrice": "36.00",
            "shippingPrice": "0.00",
            "totalPrice": "475.00",
            "isPaid": false,
            "paidAt": null,
            "isDelivered": false,
            "deliveredAt": null,
            "createdAt": "2023-11-04T06:54:26.458Z"
        }
    },
    {
        "model": "base.order",
        "pk": 51,
        "fields": {
            "user": 12,
            "paymentMethod": "PayPal",
            "taxPrice": "32.72",
            "shippingPrice": "0.00",
            "totalPrice": "431.72",
            "isPaid": false,
            "paidAt": null,
            "isDelivered": false,
            "deliveredAt": null,
            "createdAt": "2023-11-14T09:23:30.170Z"
        }
    },
    {
        "model": "base.orderitem",
        "pk": 33,
        "fields": {
            "product": 2,
            "order": null,
            "name": "Cannon EOS 80D DSLR Camera",
            "qty": 3,
            "price": "929.99",
            "image": "/media/images/product/None/camera.jpg"
        }
    },
    {
        "model": "base.orderitem",
        "pk": 34,
        "fields": {
            "product": 1,
            "order": null,
            "name": "Airpods Wireless Bluetooth Headphones",
            "qty": 1,
            "price": "89.99",
            "image": "/media/images/product/1/airpods_hErmiNA.jpg"
        }
    },
    {
        "model": "base.orderitem",
        "pk": 35,
        "fields": {
            "product": 3,
            "order": null,
            "name": "iPhone 11 Pro 256GB Memory",
            "qty": 1,
            "price": "598.91",
            "image": "/media/images/product/None/phone.jpg"
        }
    },
    {
        "model": "base.orderitem",
        "pk": 36,
        "fields": {
            "product": 4,
            "order": null,
            "name": "Sony Playstation 4 Pro White Version",
            "qty": 1,
            "price": "399.00",
            "image": "/media/images/product/None/playstation.jpg"
        }
    },
    {
        "model": "base.orderitem",
        "pk": 37,
        "fields": {
            "product": 2,
            "order": null,
            "name": "Cannon EOS 80D DSLR Camera",
            "qty": 1,
            "price": "929.99",
            "image": "/media/images/product/None/camera.jpg"
        }
    },
    {
        "model": "base.orderitem",
        "pk": 38,
        "fields": {
            "product": 3,
            "order": null,
            "name": "iPhone 11 Pro 256GB Memory",
            "qty": 1,
            "price": "598.91",
            "image": "/media/images/product/None/phone.jpg"
        }
    },
    {
        "model": "base.orderitem",
        "pk": 39,
        "fields": {
            "product": 4,
            "order": null,
            "name": "Sony Playstation 4 Pro White Version",
            "qty": 1,
            "price": "399.00",
            "image": "/media/images/product/None/playstation.jpg"
        }
    },
    {
        "model": "base.orderitem",
        "pk": 40,
        "fields": {
            "product": 3,
            "order": null,
            "name": "iPhone 11 Pro 256GB Memory",
            "qty": 1,
            "price": "598.91",
            "image": "/media/images/product/None/phone.jpg"
        }
    },
    {
        "model": "base.orderitem",
        "pk": 41,
        "fields": {
            "product": 2,
            "order": null,
            "name": "Cannon EOS 80D DSLR Camera",
            "qty": 1,
            "price": "929.99",
            "image": "/media/images/product/None/camera.jpg"
        }
    },
    {
        "model": "base.orderitem",
        "pk": 42,
        "fields": {
            "product": 3,
            "order": null,
            "name": "iPhone 11 Pro 256GB Memory",
            "qty": 4,
            "price": "598.91",
            "image": "/media/images/product/None/phone.jpg"
        }
    },
    {
        "model": "base.orderitem",
        "pk": 43,
        "fields": {
            "product": 2,
            "order": null,
            "name": "Cannon EOS 80D DSLR Camera",
            "qty": 1,
            "price": "929.99",
            "image": "/media/images/product/None/camera.jpg"
        }
    },
    {
        "model": "base.orderitem",
        "pk": 44,
        "fields": {
            "product": 2,
            "order": null,
            "name": "Cannon EOS 80D DSLR Camera",
            "qty": 1,
            "price": "929.99",
            "image": "/media/images/product/None/camera.jpg"
        }
    },
    {
        "model": "base.orderitem",
        "pk": 45,
        "fields": {
            "product": 2,
            "order": null,
            "name": "Cannon EOS 80D DSLR Camera",
            "qty": 1,
            "price": "929.99",
            "image": "/media/images/product/None/camera.jpg"
        }
    },
    {
        "model": "base.orderitem",
        "pk": 46,
        "fields": {
            "product": 1,
            "order": null,
            "name": "Airpods Wireless Bluetooth Headphones",
            "qty": 1,
            "price": "89.99",
            "image": "/media/images/product/1/airpods_hErmiNA.jpg"
        }
    },
    {
        "model": "base.orderitem",
        "pk": 47,
        "fields": {
            "product": 1,
            "order": null,
            "name": "Airpods Wireless Bluetooth Headphones",
            "qty": 1,
            "price": "89.99",
            "image": "/media/images/product/1/airpods_hErmiNA.jpg"
        }
    },
    {
        "model": "base.orderitem",
        "pk": 48,
        "fields": {
            "product": 2,
            "order": null,
            "name": "Cannon EOS 80D DSLR Camera",
            "qty": 1,
            "price": "929.99",
            "image": "/media/images/product/None/camera.jpg"
        }
    },
    {
        "model": "base.orderitem",
        "pk": 49,
        "fields": {
            "product": 2,
            "order": null,
            "name": "Cannon EOS 80D DSLR Camera",
            "qty": 1,
            "price": "929.99",
            "image": "/media/images/product/None/camera.jpg"
        }
    },
    {
        "model": "base.orderitem",
        "pk": 50,
        "fields": {
            "product": 2,
            "order": null,
            "name": "Cannon EOS 80D DSLR Camera",
            "qty": 1,
            "price": "929.99",
            "image": "/media/images/product/None/camera.jpg"
        }
    },
    {
        "model": "base.orderitem",
        "pk": 51,
        "fields": {
            "product": 5,
            "order": null,
            "name": "Logitech G-Series Gaming Mouse",
            "qty": 2,
            "price": "40.00",
            "image": "/media/images/product/None/mouse.jpg"
        }
    },
    {
        "model": "base.orderitem",
        "pk": 52,
        "fields": {
            "product": 2,
            "order": null,
            "name": "Cannon EOS 80D DSLR Camera",
            "qty": 1,
            "price": "929.99",
            "image": "/media/images/product/None/camera.jpg"
        }
    },
    {
        "model": "base.orderitem",
        "pk": 53,
        "fields": {
            "product": 1,
            "order": null,
            "name": "Airpods Wireless Bluetooth Headphones",
            "qty": 1,
            "price": "89.99",
            "image": "/media/images/product/1/airpods_hErmiNA.jpg"
        }
    },
    {
        "model": "base.orderitem",
        "pk": 54,
        "fields": {
            "product": 1,
            "order": null,
            "name": "Airpods Wireless Bluetooth Headphones",
            "qty": 1,
            "price": "89.99",
            "image": "/media/images/product/1/airpods_hErmiNA.jpg"
        }
    },
    {
        "model": "base.orderitem",
        "pk": 55,
        "fields": {
            "product": 2,
            "order": null,
            "name": "Cannon EOS 80D DSLR Camera",
            "qty": 1,
            "price": "929.99",
            "image": "/media/images/product/None/camera.jpg"
        }
    },
    {
        "model": "base.orderitem",
        "pk": 56,
        "fields": {
            "product": 4,
            "order": null,
            "name": "Sony Playstation 4 Pro White Version",
            "qty": 1,
            "price": "399.00",
            "image": "/media/images/product/None/playstation.jpg"
        }
    },
    {
        "model": "base.orderitem",
        "pk": 57,
        "fields": {
            "product": 2,
            "order": null,
            "name": "Cannon EOS 80D DSLR Camera",
            "qty": 1,
            "price": "929.99",
            "image": "/media/images/product/None/camera.jpg"
        }
    },
    {
        "model": "base.orderitem",
        "pk": 58,
        "fields": {
            "product": 5,
            "order": null,
            "name": "Logitech G-Series Gaming Mouse",
            "qty": 1,
            "price": "40.00",
            "image": "/media/images/product/None/mouse.jpg"
        }
    },
    {
        "model": "base.orderitem",
        "pk": 59,
        "fields": {
            "product": 1,
            "order": null,
            "name": "Airpods Wireless Bluetooth Headphones",
            "qty": 1,
            "price": "89.99",
            "image": "/media/images/product/1/airpods_hErmiNA.jpg"
        }
    },
    {
        "model": "base.orderitem",
        "pk": 60,
        "fields": {
            "product": 1,
            "order": null,
            "name": "Airpods Wireless Bluetooth Headphones",
            "qty": 1,
            "price": "89.99",
            "image": "/media/images/product/1/airpods_hErmiNA.jpg"
        }
    },
    {
        "model": "base.orderitem",
        "pk": 61,
        "fields": {
            "product": 1,
            "order": null,
            "name": "Airpods Wireless Bluetooth Headphones",
            "qty": 1,
            "price": "89.99",
            "image": "/media/images/product/1/airpods_hErmiNA.jpg"
        }
    },
    {
        "model": "base.orderitem",
        "pk": 62,
        "fields": {
            "product": 2,
            "order": null,
            "name": "Cannon EOS 80D DSLR Camera",
            "qty": 1,
            "price": "929.99",
            "image": "/media/images/product/None/camera.jpg"
        }
    },
    {
        "model": "base.orderitem",
        "pk": 63,
        "fields": {
            "product": 2,
            "order": null,
            "name": "Cannon EOS 80D DSLR Camera",
            "qty": 1,
            "price": "929.99",
            "image": "/media/images/product/None/camera.jpg"
        }
    },
    {
        "model": "base.orderitem",
        "pk": 64,
        "fields": {
            "product": 5,
            "order": null,
            "name": "Logitech G-Series Gaming Mouse",
            "qty": 5,
            "price": "40.00",
            "image": "/media/images/product/None/mouse.jpg"
        }
    },
    {
        "model": "base.orderitem",
        "pk": 65,
        "fields": {
            "product": 5,
            "order": null,
            "name": "Logitech G-Series Gaming Mouse",
            "qty": 3,
            "price": "40.00",
            "image": "/media/images/product/None/mouse.jpg"
        }
    },
    {
        "model": "base.orderitem",
        "pk": 66,
        "fields": {
            "product": 5,
            "order": null,
            "name": "Logitech G-Series Gaming Mouse",
            "qty": 1,
            "price": "40.00",
            "image": "/media/images/product/None/mouse.jpg"
        }
    },
    {
        "model": "base.orderitem",
        "pk": 67,
        "fields": {
            "product": 5,
            "order": null,
            "name": "Logitech G-Series Gaming Mouse",
            "qty": 1,
            "price": "40.00",
            "image": "/media/images/product/None/mouse.jpg"
        }
    },
    {
        "model": "base.orderitem",
        "pk": 68,
        "fields": {
            "product": 1,
            "order": null,
            "name": "Airpods Wireless Bluetooth Headphones",
            "qty": 1,
            "price": "89.99",
            "image": "/media/images/product/1/airpods_hErmiNA.jpg"
        }
    },
    {
        "model": "base.orderitem",
        "pk": 69,
        "fields": {
            "product": 5,
            "order": null,
            "name": "Logitech G-Series Gaming Mouse",
            "qty": 1,
            "price": "40.00",
            "image": "/media/images/product/None/mouse.jpg"
        }
    },
    {
        "model": "base.orderitem",
        "pk": 70,
        "fields": {
            "product": 3,
            "order": null,
            "name": "iPhone 11 Pro 256GB Memory",
            "qty": 1,
            "price": "598.91",
            "image": "/media/images/product/None/phone.jpg"
        }
    },
    {
        "model": "base.orderitem",
        "pk": 71,
        "fields": {
            "product": 1,
            "order": null,
            "name": "Airpods Wireless Bluetooth Headphones",
            "qty": 1,
            "price": "89.99",
            "image": "/media/images/product/1/airpods_hErmiNA.jpg"
        }
    },
    {
        "model": "base.orderitem",
        "pk": 72,
        "fields": {
            "product": 5,
            "order": null,
            "name": "Logitech G-Series Gaming Mouse",
            "qty": 1,
            "price": "40.00",
            "image": "/media/images/product/None/mouse.jpg"
        }
    },
    {
        "model": "base.orderitem",
        "pk": 73,
        "fields": {
            "product": 5,
            "order": null,
            "name": "Logitech G-Series Gaming Mouse",
            "qty": 1,
            "price": "40.00",
            "image": "/media/images/product/None/mouse.jpg"
        }
    },
    {
        "model": "base.orderitem",
        "pk": 74,
        "fields": {
            "product": 2,
            "order": null,
            "name": "Cannon EOS 80D DSLR Camera",
            "qty": 1,
            "price": "929.99",
            "image": "/media/images/product/None/camera.jpg"
        }
    },
    {
        "model": "base.orderitem",
        "pk": 75,
        "fields": {
            "product": 4,
            "order": null,
            "name": "Sony Playstation 4 Pro White Version",
            "qty": 1,
            "price": "399.00",
            "image": "/media/images/product/None/playstation.jpg"
        }
    },
    {
        "model": "base.orderitem",
        "pk": 76,
        "fields": {
            "product": 1,
            "order": null,
            "name": "Airpods Wireless Bluetooth Headphones",
            "qty": 1,
            "price": "89.99",
            "image": "/media/images/product/1/airpods_hErmiNA.jpg"
        }
    },
    {
        "model": "base.orderitem",
        "pk": 77,
        "fields": {
            "product": 2,
            "order": null,
            "name": "Cannon EOS 80D DSLR Camera",
            "qty": 1,
            "price": "929.99",
            "image": "/media/images/product/None/camera.jpg"
        }
    },
    {
        "model": "base.orderitem",
        "pk": 78,
        "fields": {
            "product": 5,
            "order": null,
            "name": "Logitech G-Series Gaming Mouse",
            "qty": 1,
            "price": "40.00",
            "image": "/media/images/product/None/mouse.jpg"
        }
    },
    {
        "model": "base.orderitem",
        "pk": 79,
        "fields": {
            "product": 1,
            "order": null,
            "name": "Airpods Wireless Bluetooth Headphones",
            "qty": 1,
            "price": "89.99",
            "image": "/media/images/product/1/airpods_hErmiNA.jpg"
        }
    },
    {
        "model": "base.orderitem",
        "pk": 80,
        "fields": {
            "product": 5,
            "order": null,
            "name": "Logitech G-Series Gaming Mouse",
            "qty": 1,
            "price": "40.00",
            "image": "/media/images/product/None/mouse.jpg"
        }
    },
    {
        "model": "base.orderitem",
        "pk": 81,
        "fields": {
            "product": 2,
            "order": null,
            "name": "Cannon EOS 80D DSLR Camera",
            "qty": 1,
            "price": "929.99",
            "image": "/media/images/product/None/camera.jpg"
        }
    },
    {
        "model": "base.orderitem",
        "pk": 82,
        "fields": {
            "product": 1,
            "order": null,
            "name": "Airpods Wireless Bluetooth Headphones",
            "qty": 1,
            "price": "89.99",
            "image": "/media/images/product/1/airpods_hErmiNA.jpg"
        }
    },
    {
        "model": "base.orderitem",
        "pk": 83,
        "fields": {
            "product": 4,
            "order": null,
            "name": "Sony Playstation 4 Pro White Version",
            "qty": 1,
            "price": "399.00",
            "image": "/media/images/product/None/playstation.jpg"
        }
    },
    {
        "model": "base.orderitem",
        "pk": 84,
        "fields": {
            "product": 3,
            "order": null,
            "name": "iPhone 11 Pro 256GB Memory",
            "qty": 1,
            "price": "598.91",
            "image": "/media/images/product/None/phone.jpg"
        }
    },
    {
        "model": "base.orderitem",
        "pk": 85,
        "fields": {
            "product": 1,
            "order": null,
            "name": "Airpods Wireless Bluetooth Headphones",
            "qty": 1,
            "price": "89.99",
            "image": "/media/images/product/1/airpods_hErmiNA.jpg"
        }
    },
    {
        "model": "base.orderitem",
        "pk": 86,
        "fields": {
            "product": 4,
            "order": 50,
            "name": "Sony Playstation 4 Pro White Version",
            "qty": 1,
            "price": "399.00",
            "image": "/media/images/product/None/playstation.jpg"
        }
    },
    {
        "model": "base.orderitem",
        "pk": 87,
        "fields": {
            "product": 5,
            "order": 50,
            "name": "Logitech G-Series Gaming Mouse",
            "qty": 1,
            "price": "40.00",
            "image": "/media/images/product/None/mouse.jpg"
        }
    },
    {
        "model": "base.orderitem",
        "pk": 88,
        "fields": {
            "product": 4,
            "order": 51,
            "name": "Sony Playstation 4 Pro White Version",
            "qty": 1,
            "price": "399.00",
            "image": "/media/images/product/None/playstation.jpg"
        }
    },
    {
        "model": "base.shippingaddress",
        "pk": 50,
        "fields": {
            "order": 50,
            "address": "No.2 Sri Kesavan street,Maraimalai nagar,peramanur village",
            "city": "Chengalpattu",
            "postalCode": "603209",
            "country": "India",
            "shippingPrice": null
        }
    },
    {
        "model": "base.shippingaddress",
        "pk": 51,
        "fields": {
            "order": 51,
            "address": "No.2 Sri Kesavan street,Maraimalai nagar,peramanur village",
            "city": "Chengalpattu",
            "postalCode": "603209",
            "country": "India",
            "shippingPrice": null
        }
    }
]